Nom;Description;Prix
"Lettre ""Q""";;1,80 €
"Lettre ""R""";;1,80 €
Raisin (Grappe de);Amour du vin;2,50 €
"Lettre ""S""";;1,80 €
Rat;Pique-assiette;2,50 €
Rose;Perte de virginité féminine (Jardin Secret);2,50 €
Sabot;Délégué Culture;2,50 €
Sanglier sur Pied;;2,50 €
Saint-Louis;;4,90 €
Ski;Délégué Ski - Amour du ski;2,50 €
Solvay;;2,90 €
Singe;Farceur;2,50 €
Singe Mons;Montois;3,00 €
Soleil;Philosophie et lettres;3,00 €
Sphinx;Traduction, Interprétariat;2,50 €
"Lettre ""T""";;1,80 €
Squelette Jambes Fermées;Amour de l’anatomie masculine;4,50 €
Squelette Jambes Ouvertes;Amour de l’anatomie féminine;4,50 €
Symboles Sexes;Biologie (Etudes);3,00 €
Tambour;Délégué Clash;2,50 €
Tête de Cheval (Grande);Amour de l'équitation, Vétérinaire (Etudes);3,00 €
Tête de Cheval (Petite);Amour de l'équitation, Vétérinaire (Etudes);2,50 €
Taureau;Liégeois;2,50 €
Téléphone;Délégué Relations extérieures;2,50 €
Tortue;Lent;2,50 €
Tête d'Indien / Geronimo;Géronimo;3,00 €
Tour;Tournaisien;2,50 €
Trèfle à 3 Feuilles;Malchanceux;2,50 €
Tête de Mort Dorée;2ème sess totale réussie;2,50 €
Troubadour;;2,50 €
Tête de Mort Argentée;2ème sess totale raté;2,50 €
Valise;Tourisme (Etudes);2,50 €
"Lettre ""U""";;1,80 €
"Lettre ""V""";;1,80 €
"Lettre ""W""";;1,80 €
"Lettre ""X""";;1,80 €
"Lettre ""Y""";;1,80 €
"Lettre ""Z""";;1,80 €
Blason Enghien;;3,90 €
Titje;;3,50 €
Drapeau européen;;3,50 €
Drapeau belge;;3,50 €
Kangourou;;2,50 €
Levrette;;3,50 €
Navet (radis);;3,50 €
Pi;;3,00 €
